[{"model": "blog.post", "pk": 1, "fields": {"title": "blog 1", "content": "First blog on my blog", "date_posted": "2021-04-01T12:12:13.610Z", "author": 1}}, {"model": "blog.post", "pk": 2, "fields": {"title": "blog 2", "content": "second post for testing", "date_posted": "2021-04-02T15:05:26.442Z", "author": 1}}, {"model": "blog.post", "pk": 3, "fields": {"title": "blog 3", "content": "third tsting post", "date_posted": "2021-04-02T15:20:57.794Z", "author": 1}}, {"model": "blog.post", "pk": 4, "fields": {"title": "DFGKFKHSJLHLKJ", "content": "JHFDGHJKKJHKLAHGLKHA", "date_posted": "2021-04-02T15:39:38Z", "author": 2}}, {"model": "blog.post", "pk": 5, "fields": {"title": "testing post creation", "content": "Lorem Ipsum is simply dummy text of the printing and typesetting industry. Lorem Ipsum has been the industry's standard dummy text ever since the 1500s, when an unknown printer took a galley of type and scrambled it to make a type specimen book. It has survived not only five centuries, but also the leap into electronic typesetting, remaining essentially unchanged. It was popularised in the 1960s with the release of Letraset sheets containing Lorem Ipsum passages, and more recently with desktop publishing software like Aldus PageMaker including versions of Lorem Ipsum.", "date_posted": "2021-05-09T08:32:56.116Z", "author": 9}}, {"model": "blog.post", "pk": 6, "fields": {"title": "testing post creation again", "content": "Lorem Ipsum is simply dummy text of the printing and typesetting industry. Lorem Ipsum has been the industry's standard dummy text ever since the 1500s, when an unknown printer took a galley of type and scrambled it to make a type specimen book. It has survived not only five centuries, but also the leap into electronic typesetting, remaining essentially unchanged. It was popularised in the 1960s with the release of Letraset sheets containing Lorem Ipsum passages, and more recently with desktop publishing software like Aldus PageMaker including versions of Lorem Ipsum.", "date_posted": "2021-05-09T08:38:46.776Z", "author": 9}}, {"model": "blog.post", "pk": 7, "fields": {"title": "from creation testing again again", "content": "Lorem Ipsum is simply dummy text of the printing and typesetting industry. Lorem Ipsum has been the industry's standard dummy text ever since the 1500s, when an unknown printer took a galley of type and scrambled it to make a type specimen book. It has survived not only five centuries, but also the leap into electronic typesetting, remaining essentially unchanged. It was popularised in the 1960s with the release of Letraset sheets containing Lorem Ipsum passages, and more recently with desktop publishing software like Aldus PageMaker including versions of Lorem Ipsum.", "date_posted": "2021-05-09T08:40:45.717Z", "author": 9}}, {"model": "blog.post", "pk": 9, "fields": {"title": "for pagination", "content": "What is Lorem Ipsum?\r\nLorem Ipsum is simply dummy text of the printing and typesetting industry. Lorem Ipsum has been the industry's standard dummy text ever since the 1500s, when an unknown printer took a galley of type and scrambled it to make a type specimen book. It has survived not only five centuries, but also the leap into electronic typesetting, remaining essentially unchanged. It was popularised in the 1960s with the release of Letraset sheets containing Lorem Ipsum passages, and more recently with desktop publishing software like Aldus PageMaker including versions of Lorem Ipsum.", "date_posted": "2021-05-17T11:58:22.542Z", "author": 6}}, {"model": "blog.post", "pk": 10, "fields": {"title": "for pagination 2", "content": "Where does it come from?\r\nContrary to popular belief, Lorem Ipsum is not simply random text. It has roots in a piece of classical Latin literature from 45 BC, making it over 2000 years old. Richard McClintock, a Latin professor at Hampden-Sydney College in Virginia, looked up one of the more obscure Latin words, consectetur, from a Lorem Ipsum passage, and going through the cites of the word in classical literature, discovered the undoubtable source. Lorem Ipsum comes from sections 1.10.32 and 1.10.33 of \"de Finibus Bonorum et Malorum\" (The Extremes of Good and Evil) by Cicero, written in 45 BC. This book is a treatise on the theory of ethics, very popular during the Renaissance. The first line of Lorem Ipsum, \"Lorem ipsum dolor sit amet..\", comes from a line in section 1.10.32.\r\n\r\nThe standard chunk of Lorem Ipsum used since the 1500s is reproduced below for those interested. Sections 1.10.32 and 1.10.33 from \"de Finibus Bonorum et Malorum\" by Cicero are also reproduced in their exact original form, accompanied by English versions from the 1914 translation by H. Rackham.", "date_posted": "2021-05-17T11:58:56.049Z", "author": 6}}, {"model": "blog.post", "pk": 11, "fields": {"title": "for pagination 3", "content": "Lorem ipsum dolor sit amet, consectetur adipiscing elit. Mauris vulputate massa quis varius suscipit. Sed blandit est ipsum, id convallis purus congue id. Vivamus ultricies a libero ut semper. Nam at pellentesque erat, et sagittis risus. Pellentesque consectetur tortor est, id lobortis neque tincidunt ut. In ultrices id turpis nec pulvinar. Etiam id facilisis lectus. Maecenas quis porttitor purus, quis tempor ipsum.", "date_posted": "2021-05-17T11:59:42.654Z", "author": 6}}, {"model": "blog.post", "pk": 12, "fields": {"title": "for pagination 4", "content": "Integer non nisl consequat, consequat arcu tempor, dignissim leo. Nulla laoreet in metus quis gravida. Class aptent taciti sociosqu ad litora torquent per conubia nostra, per inceptos himenaeos. Nulla rhoncus iaculis odio, semper imperdiet augue iaculis a. Aliquam sed ultricies lorem, in fermentum risus. Nulla pretium, sem et hendrerit venenatis, elit neque fringilla ex, vel pharetra enim erat ac velit. Sed non lorem vel leo venenatis condimentum. Fusce at neque vitae metus vehicula fringilla vitae sit amet quam.", "date_posted": "2021-05-17T12:00:01.242Z", "author": 6}}, {"model": "blog.post", "pk": 13, "fields": {"title": "for pagination 5", "content": "Etiam in turpis eget massa pretium congue. In pellentesque tellus sed tempus lobortis. In quis neque fermentum, malesuada erat vestibulum, rhoncus orci. Sed ac eleifend magna. Duis dictum elit et urna lacinia tincidunt. Maecenas facilisis erat ut pretium facilisis. Morbi dictum ex eu ex consectetur, quis pretium quam pharetra. Suspendisse potenti. Aliquam finibus est ac tortor pretium, porttitor porttitor orci blandit. Etiam luctus molestie justo, quis molestie nulla lacinia sit amet.", "date_posted": "2021-05-17T12:00:23.766Z", "author": 6}}, {"model": "blog.post", "pk": 14, "fields": {"title": "for pagination 6", "content": "Etiam malesuada neque in nisi mollis dignissim. Mauris fringilla quam non elementum eleifend. Vestibulum tempus enim cursus imperdiet lacinia. Aliquam mi ipsum, mollis a libero vel, dictum finibus ligula. Vestibulum sed porttitor arcu, sed egestas lectus. Integer elementum id orci nec rutrum. Donec volutpat nec ex vitae venenatis. Aliquam erat volutpat. Curabitur ornare purus sed eros euismod feugiat. Suspendisse varius accumsan dictum. Interdum et malesuada fames ac ante ipsum primis in faucibus. Phasellus condimentum vel purus sit amet eleifend.", "date_posted": "2021-05-17T12:01:02.104Z", "author": 6}}, {"model": "blog.post", "pk": 15, "fields": {"title": "for paginationgination 7", "content": "Sed fringilla, neque sit amet interdum aliquet, risus ante placerat ipsum, ac faucibus elit quam facilisis elit. Suspendisse accumsan euismod mattis. Phasellus convallis ex vel odio consequat, finibus semper erat ultrices. Pellentesque habitant morbi tristique senectus et netus et malesuada fames ac turpis egestas.", "date_posted": "2021-05-17T12:01:22.253Z", "author": 6}}, {"model": "blog.post", "pk": 16, "fields": {"title": "for paginationgination 8", "content": "Donec sit amet mauris massa. Phasellus cursus metus magna, nec interdum nibh ultricies eget. Donec vitae tempor erat, a mollis odio. Sed dolor sem, varius vel metus vel, elementum gravida ligula. Nulla facilisi. Ut tincidunt rutrum diam vitae placerat. Maecenas nec mauris in tellus luctus ultrices. Curabitur mauris mi, consequat sed feugiat quis, dapibus sit amet purus. Nam in blandit neque.", "date_posted": "2021-05-17T12:01:44.080Z", "author": 6}}, {"model": "blog.post", "pk": 17, "fields": {"title": "My Updated Post", "content": "My first updated post!\r\n\r\nThis is exciting!", "date_posted": "2021-05-17T12:14:16.414Z", "author": 1}}, {"model": "blog.post", "pk": 18, "fields": {"title": "A Second Post", "content": "This is a post from a different user...", "date_posted": "2021-05-17T12:14:16.418Z", "author": 2}}, {"model": "blog.post", "pk": 19, "fields": {"title": "Top 5 Programming Lanaguages", "content": "Te melius apeirian postulant cum, labitur admodum cu eos! Tollit equidem constituto ut has. Et per ponderum sadipscing, eu vero dolores recusabo nec! Eum quas epicuri at, eam albucius phaedrum ad, no eum probo fierent singulis. Dicat corrumpit definiebas id usu, in facete scripserit eam.\r\n\r\nVim ei exerci nusquam. Agam detraxit an quo? Quo et partem bonorum sensibus, mutat minimum est ad. In paulo essent signiferumque his, quaestio sadipscing theophrastus ad has. Ancillae appareat qualisque ei has, usu ne assum zril disputationi, sed at gloriatur persequeris.", "date_posted": "2021-05-17T12:14:16.419Z", "author": 1}}, {"model": "blog.post", "pk": 20, "fields": {"title": "Sublime Text Tips and Tricks", "content": "Ea vix dico modus voluptatibus, mel iudico suavitate iracundia eu. Tincidunt voluptatibus pro eu? Nulla omittam eligendi his ne, suas putant ut pri. Ullum repudiare at duo, ut cum habeo minim laudem, dicit libris antiopam has ut! Ex movet feugait mea, eu vim impetus nostrud cotidieque.\r\n\r\nEi suas similique quo, his simul viris congue ex? Graeci possit in est, ne qui minim delectus invenire. Mei ad error homero maluisset, tacimates assentior per in, vix ut vocent accusata! Mei eu inermis pericula patrioque? Debet denique sea at, ad cibo reformidans theophrastus per, cu inermis maiestatis vim!\r\n\r\nUt odio feugiat voluptua est, euismod volutpat qualisque at sit, has ex dicit ornatus inimicus! Eu ferri laoreet vel, dicat corrumpit dissentias nec in. Illum dissentiunt eam ei, praesent voluptatum pri in? Ius in inani petentium, hinc elitr vivendum an vis, in vero dolores electram ius?", "date_posted": "2021-05-17T12:14:16.419Z", "author": 1}}, {"model": "blog.post", "pk": 21, "fields": {"title": "Best Python IDEs", "content": "Elit contentiones nam no, sea ut consul adipiscing. Etiam velit ei usu, sonet clita nonumy eu eum. Usu ea utroque facilisi, cu mel fugit tantas legimus, te vix quem nominavi. Prima deserunt evertitur ne qui, nam reprimique appellantur ne.", "date_posted": "2021-05-17T12:14:16.420Z", "author": 1}}, {"model": "blog.post", "pk": 22, "fields": {"title": "Flask vs Django - Which Is Better?", "content": "Ei dicta apeirian deterruisset eam, cu offendit invenire pri, cu possim vivendo vix? Nam nihil evertitur ad, ne vim nonumy legendos iracundia. Vix nulla dolorem intellegebat ea? Te per vide paulo dolor, eum ea erant placerat constituam? Dolores accumsan eum at.\r\n\r\nInteresset consequuntur id vix. Eam id decore latine, iusto imperdiet ei qui. In ludus consul reformidans eam. Nec in recusabo posidonium, cu tantas volumus mnesarchum pro. Nam ut docendi evertitur, possim menandri persecuti ne sed, cum saepe ornatus delenit ei?\r\n\r\nIn mel debet aliquam. In his etiam legere, doming nominavi consetetur has ad, decore reprimique ea usu. Eam magna graeci suavitate cu, facete delenit cum ne. Ponderum evertitur tincidunt ei mel, ius ei stet euismod docendi.", "date_posted": "2021-05-17T12:14:16.421Z", "author": 2}}, {"model": "blog.post", "pk": 23, "fields": {"title": "You Won't Believe These Clickbait Titles!", "content": "Cu justo honestatis mel, pro ei appareat mediocrem suavitate. No his omnis ridens. Ludus ornatus voluptatum mei ut, an mentitum noluisse forensibus cum. Eam affert pertinax consequuntur ei, nisl zril meliore te vis? Ad animal persius concludaturque vix, eu graece audiam mel.\r\n\r\nVitae libris mentitum pri in. Cu rebum veritus sea, ex usu consul dolorum, pro tale maluisset consulatu ut. Quo ad clita persius ancillae. Vel illud blandit at, vel eu hinc graeco, usu doctus praesent ea! Vim rebum deserunt ex.\r\n\r\nIus lorem omittam id, est suavitate definitionem ad! Id vim insolens tacimates, pri at decore causae. Ex duo bonorum repudiandae? Vix no vidit facete impedit. An oportere indoctum eam.", "date_posted": "2021-05-17T12:14:16.421Z", "author": 2}}, {"model": "blog.post", "pk": 24, "fields": {"title": "These Beers Will Improve Your Programming", "content": "Sanctus senserit vis id, ut eum iuvaret invidunt constituam? Nonumes facilis mei an, ad elit explicari persequeris pri, dico recusabo quo id? At mea lorem repudiandae. Sed causae sensibus forensibus ea, ne ornatus suscipiantur consectetuer mel, affert nostro nominati cu qui. Te sanctus constituto est, corrumpit pertinacia eos et, mei libris persequeris an.\r\n\r\nQuo fuisset sensibus in. Ad est assueverit adversarium, viris aperiri numquam est ad. Pro mediocrem iudicabit ei! Cu aperiam diceret sit.", "date_posted": "2021-05-17T12:14:16.422Z", "author": 1}}, {"model": "blog.post", "pk": 25, "fields": {"title": "List of PyCon 2018 Talks", "content": "Has ea verear adolescens, elit justo constituam duo in, vix an copiosae contentiones. Eos persius consequuntur no, esse percipit cum ea, per modus harum praesent at. Et clita delenit luptatum usu? No cum interpretaris concludaturque. Congue pertinax ea mea.\r\n\r\nBrute iracundia philosophia ei quo, nam at adhuc idque, ex dolor homero mei. No mea affert tacimates pertinacia, in maluisset dissentias consectetuer mei, vel no aliquam splendide. In has nobis vocent adipisci? Pri clita delicata in, iusto viris scripserit vim in? Sit in lorem complectitur. Sanctus eloquentiam eum ut, et sumo apeirian mea? Vim te affert populo voluptaria, utinam consul ad duo.", "date_posted": "2021-05-17T12:14:16.423Z", "author": 1}}, {"model": "blog.post", "pk": 26, "fields": {"title": "How Dogs in the Workplace Boosts Productivity", "content": "Has ea verear adolescens, elit justo constituam duo in, vix an copiosae contentiones. Eos persius consequuntur no, esse percipit cum ea, per modus harum praesent at. Et clita delenit luptatum usu? No cum interpretaris concludaturque. Congue pertinax ea mea.\r\n\r\nBrute iracundia philosophia ei quo, nam at adhuc idque, ex dolor homero mei. No mea affert tacimates pertinacia, in maluisset dissentias consectetuer mei, vel no aliquam splendide. In has nobis vocent adipisci? Pri clita delicata in, iusto viris scripserit vim in? Sit in lorem complectitur. Sanctus eloquentiam eum ut, et sumo apeirian mea? Vim te affert populo voluptaria, utinam consul ad duo.", "date_posted": "2021-05-17T12:14:16.423Z", "author": 1}}, {"model": "blog.post", "pk": 27, "fields": {"title": "The Best Programming Podcasts", "content": "Vidisse malorum platonem vel no. Persecuti adversarium ut sit, quo et stet velit mundi! Id per homero expetenda. Est brute adipisci et!\r\n\r\nLorem aliquip has in, quo debet ceteros sadipscing ne! An sea odio ornatus inermis, an per ipsum persecuti dissentiunt, no mea bonorum pertinacia delicatissimi? Ne sumo diceret mea, percipit repudiare eam no! Pro et lorem accommodare. At eius novum phaedrum mei?\r\n\r\nIgnota conclusionemque mei no, eam ut munere fierent pertinacia. Ea enim insolens gloriatur duo, quis vituperatoribus pro no! Ei sed bonorum reprehendunt, aliquam nominavi his et. Magna decore referrentur id nec. Cum rebum ludus inimicus no, id cum iusto labores maluisset!\r\n\r\nQui no omnis numquam apeirian, et vide interesset cum? Et nec nulla signiferumque. Enim instructior eos ei, solum tollit phaedrum his in? No vix malorum ornatus, cu quo hinc everti iracundia, essent eruditi efficiendi ut nam. Altera saperet usu eu, errem expetenda cu duo. Has dolor splendide et, no mel cibo ancillae voluptatum, mutat antiopam deterruisset ei qui. Dolores scripserit concludaturque est id, ea animal facilisi splendide qui, quo at animal voluptua instructior.\r\n\r\nMeis voluptatum eu eum.", "date_posted": "2021-05-17T12:14:16.424Z", "author": 1}}, {"model": "blog.post", "pk": 28, "fields": {"title": "Tips for Public Speaking", "content": "Ex eam doctus accommodare. Ut oratio vivendo intellegebat qui. Ius ne doming petentium. Pri congue delectus ad, accumsan molestiae disputando te mea. Nam case inani eligendi at, per te esse iudico. Feugiat patrioque mei ad, harum mundi adversarium an per!\r\n\r\nAncillae verterem eleifend his at? Nam vidit iusto petentium at, vis nusquam dissentias cu, etiam doctus adversarium eam no. At alterum definiebas efficiantur eos, pro labitur vituperatoribus ne, eu odio legere vim. Ad nec verear appellantur? Ad qui vulputate persequeris.", "date_posted": "2021-05-17T12:14:16.424Z", "author": 2}}, {"model": "blog.post", "pk": 29, "fields": {"title": "Best Programmers Throughout History", "content": "Mel nulla legimus senserit id. Vim purto tractatos in, te vix error regione, erant laudem legere an vel. Falli fierent ius ex! In legere iriure est, id vis prima maluisset, purto numquam inimicus ut eos! In duo antiopam salutatus, an vel quodsi virtute definitiones.\r\n\r\nEst te sumo voluptaria, ius no putant argumentum, alienum ocurreret vim cu? Volumus democritum no vel, virtute commune an est. Vel te propriae lobortis rationibus, no eum odio neglegentur? Duo an sumo ignota latine! Nec mazim aperiam percipitur eu, id his dicit omnium.", "date_posted": "2021-05-17T12:14:16.425Z", "author": 2}}, {"model": "blog.post", "pk": 30, "fields": {"title": "How To Create A YouTube Channel", "content": "Sit et novum omnes. Nec ea quas minim tractatos, usu in aperiam mentitum necessitatibus, ut omnis equidem moderatius quo. Eos ad putent aeterno praesent. Eos omnium similique id, his accommodare philosophia at. Causae lucilius similique in mea, ut regione tritani voluptatibus mel! At possim offendit eum, aeque denique prodesset pro te?\r\n\r\nAt pro quem laudem. Et agam democritum eos? Ea quod probatus usu, no ferri fabulas cotidieque mei? Numquam nusquam quo in, quo et molestiae complectitur. Nihil semper ei qui.\r\n\r\nModo omnes forensibus duo ex, te est diceret bonorum labores! Magna ponderum eos ea. Cu vim diceret mnesarchum, graeci periculis in vis. Est no iriure suavitate!", "date_posted": "2021-05-17T12:14:16.425Z", "author": 2}}, {"model": "blog.post", "pk": 31, "fields": {"title": "How I Record My Videos", "content": "Ad vel possim delicatissimi, delectus detraxit per cu. Ad pri vidit modus altera! In erat complectitur sit, quo no nostro insolens? Aliquam patrioque scribentur quo ad, partem commune eos at. Eius vivendo comprehensam has ne, sea ne eros mazim oratio. Soluta populo te duo, ne pro causae fabulas percipitur, feugiat.", "date_posted": "2021-05-17T12:14:16.425Z", "author": 1}}, {"model": "blog.post", "pk": 32, "fields": {"title": "Python and Physics", "content": "Agam mediocritatem sed ex, fabellas recusabo dissentias vix te. No principes consequat inciderint pri, ea mundi affert persecuti mea, ne usu veri regione nostrum! An tibique dissentiet referrentur pro, ridens temporibus eu est! Ius ne omnes affert rationibus, ut detraxit qualisque usu. Accusamus reformidans sea id?\r\n\r\nEu aliquip gloriatur mei. Qui ad sint scripserit? Te instructior definitiones mel, sale mutat everti at his. Ea mea quot recusabo philosophia. Et nam quod adipisci, quo atqui appetere recusabo id, detraxit inimicus vim.", "date_posted": "2021-05-17T12:14:16.426Z", "author": 1}}, {"model": "blog.post", "pk": 33, "fields": {"title": "Just A Few More Healines Should Do It", "content": "Duo at tibique commune vulputate, ex facilis tacimates disputationi mei. Mel eu inani prompta labores! Audire omnesque offendit ex eos. An ferri accusata his, vel agam habeo maiestatis ex, eam mutat iisque concludaturque ut. Ut tamquam minimum partiendo vim. An nam vidit doming graecis.\r\n\r\nSingulis abhorreant his in, et altera audiam feugiat mei. Pri eius dolor persequeris id! Nam ea dolorem expetendis, idque everti suscipit qui te, noster repudiare dignissim per ex? No vim iriure tibique comprehensam, per utamur consequat.", "date_posted": "2021-05-17T12:14:16.426Z", "author": 1}}, {"model": "blog.post", "pk": 34, "fields": {"title": "Music To Listen To While Coding", "content": "Feugait reprimique eu mel, te eum dico electram. Nam no nemore cotidieque. Vim cu suas atqui dicunt. Id labitur dissentiunt per, ignota maiorum pri no? Clita altera sanctus ex his!\r\n\r\nAt alia electram reprehendunt eam, sea te volumus quaestio. Commodo voluptua senserit ius ne, eu enim disputationi eam? Id pri omnium blandit, nullam denique nec no? Sapientem vituperata sit et, nisl facilisis periculis in est. Elaboraret accommodare id vel? Cibo eripuit ut has, sed cu liber invidunt.\r\n\r\nEi pro vide quas dolorum, sea no fugit sanctus neglegentur. Sit feugait disputationi ne. Id diceret periculis nec, sint nonumes in sea, cum.", "date_posted": "2021-05-17T12:14:16.427Z", "author": 1}}, {"model": "blog.post", "pk": 35, "fields": {"title": "5 Tips for Writing Catchy Headlines", "content": "Ea homero possit epicuri est, debitis docendi tacimates cu duo? Ad lorem cetero disputando pri, veniam eruditi tacimates per te.", "date_posted": "2021-05-17T12:14:16.427Z", "author": 2}}, {"model": "blog.post", "pk": 36, "fields": {"title": "The Rise of Data Science", "content": "Per omittam placerat at. Eius aeque ei mei. Usu ex partiendo salutandi. Pro illud placerat molestiae ex, habeo vidisse voluptatum cu vel, efficiendi accommodare eum ea! Ne has case minimum facilisis, pertinax efficiendi eu vel!\r\n\r\nEt movet semper assueverit his. Mei at liber vitae. Vix et periculis definiebas, vero falli.", "date_posted": "2021-05-17T12:14:16.428Z", "author": 2}}, {"model": "blog.post", "pk": 37, "fields": {"title": "Best Videos For Learning Python", "content": "Mei ei mazim dicunt feugait? Ludus mandamus ne est, per ne iusto facilisis moderatius! Has agam utamur ad! Ius reque aeterno cu, fabellas facilisi repudiare eu sit, te cibo convenire similique est. Ea cum viderer imperdiet liberavisse.\r\n\r\nPro minim iuvaret ad. No nam ornatus principes euripidis, at sale vituperatoribus eos, eros regione scripserit id mea. Has ne inermis nostrum, quo tantas melius dissentias at! Ut vim tibique omnesque. An mel modo ponderum, eum at probo appetere imperdiet? Natum quaeque intellegebat per ex. Cu viris clita sit?\r\n\r\nReque menandri dissentias sed ne, no tota nonumes eos, vix in tempor maiestatis erant.", "date_posted": "2021-05-17T12:14:16.428Z", "author": 1}}, {"model": "blog.post", "pk": 38, "fields": {"title": "Top 10 Python Tips and Tricks", "content": "Pro minim iuvaret ad. No nam ornatus principes euripidis, at sale vituperatoribus eos, eros regione scripserit id mea. Has ne inermis nostrum, quo tantas melius dissentias at! Ut vim tibique omnesque. An mel modo ponderum, eum at probo appetere imperdiet? Natum quaeque intellegebat per ex. Cu viris clita sit?\r\n\r\nReque menandri dissentias sed ne, no tota nonumes eos, vix in tempor maiestatis erant.", "date_posted": "2021-05-17T12:14:16.429Z", "author": 1}}, {"model": "blog.post", "pk": 39, "fields": {"title": "Top 5 YouTube Channels For Learning Programming", "content": "Quo inani quando ea, mel an vide adversarium suscipiantur. Et dicunt eleifend splendide pro. Nibh animal dolorem vim ex, nec te agam referrentur. Usu admodum ocurreret ne.\r\n\r\nEt dico audire cotidieque sed, cibo latine ut has, an case magna alienum.", "date_posted": "2021-05-17T12:14:16.429Z", "author": 2}}, {"model": "blog.post", "pk": 40, "fields": {"title": "My Latest Updated Post", "content": "Erat expetenda definitionem id eos. Semper suscipit eum ut, eum ex nemore copiosae. Nam probatus pertinacia eu! No alii voluptua abhorreant nec, te pro impedit concludaturque, in sea malis torquatos disputationi! Nam te alii nobis ponderum, ei fugit accusamus pro.\r\n\r\nCongue salutandi ex eam! Mei an prima consulatu, erat detracto eu quo? Vim ea esse utinam efficiantur, at noster dicunt.", "date_posted": "2021-05-17T12:14:16.430Z", "author": 1}}, {"model": "users.profile", "pk": 2, "fields": {"user": 6, "image": "profile_pics/pexels-nothing-ahead-3571551.jpg"}}, {"model": "users.profile", "pk": 3, "fields": {"user": 5, "image": "default.jpg"}}, {"model": "users.profile", "pk": 4, "fields": {"user": 7, "image": "default.jpg"}}, {"model": "users.profile", "pk": 5, "fields": {"user": 8, "image": "default.jpg"}}, {"model": "users.profile", "pk": 6, "fields": {"user": 9, "image": "default.jpg"}}, {"model": "users.profile", "pk": 7, "fields": {"user": 1, "image": "default.jpg"}}, {"model": "users.profile", "pk": 8, "fields": {"user": 2, "image": "default.jpg"}}, {"model": "users.profile", "pk": 9, "fields": {"user": 11, "image": "default.jpg"}}, {"model": "admin.logentry", "pk": 1, "fields": {"action_time": "2021-04-01T11:40:29.980Z", "user": 1, "content_type": 4, "object_id": "2", "object_repr": "testuser", "action_flag": 1, "change_message": "[{\"added\": {}}]"}}, {"model": "admin.logentry", "pk": 2, "fields": {"action_time": "2021-04-01T11:41:18.085Z", "user": 1, "content_type": 4, "object_id": "2", "object_repr": "testuser", "action_flag": 2, "change_message": "[{\"changed\": {\"fields\": [\"Email address\"]}}]"}}, {"model": "admin.logentry", "pk": 3, "fields": {"action_time": "2021-04-02T15:40:00.542Z", "user": 1, "content_type": 7, "object_id": "4", "object_repr": "DFGKFKHSJLHLKJ", "action_flag": 1, "change_message": "[{\"added\": {}}]"}}, {"model": "admin.logentry", "pk": 4, "fields": {"action_time": "2021-05-06T17:31:03.056Z", "user": 4, "content_type": 8, "object_id": "1", "object_repr": "gappu profile", "action_flag": 1, "change_message": "[{\"added\": {}}]"}}, {"model": "admin.logentry", "pk": 5, "fields": {"action_time": "2021-05-07T08:35:26.514Z", "user": 4, "content_type": 8, "object_id": "1", "object_repr": "gappu profile", "action_flag": 3, "change_message": ""}}, {"model": "admin.logentry", "pk": 6, "fields": {"action_time": "2021-05-07T08:36:09.328Z", "user": 4, "content_type": 8, "object_id": "2", "object_repr": "gappu profile", "action_flag": 1, "change_message": "[{\"added\": {}}]"}}, {"model": "admin.logentry", "pk": 7, "fields": {"action_time": "2021-05-07T08:38:49.258Z", "user": 4, "content_type": 8, "object_id": "3", "object_repr": "fungshung profile", "action_flag": 1, "change_message": "[{\"added\": {}}]"}}, {"model": "admin.logentry", "pk": 8, "fields": {"action_time": "2021-05-08T16:49:11.521Z", "user": 9, "content_type": 4, "object_id": "7", "object_repr": "Chintuji1", "action_flag": 2, "change_message": "[{\"changed\": {\"fields\": [\"Active\", \"Superuser status\"]}}]"}}, {"model": "admin.logentry", "pk": 9, "fields": {"action_time": "2021-05-08T16:49:19.838Z", "user": 9, "content_type": 4, "object_id": "7", "object_repr": "Chintuji1", "action_flag": 2, "change_message": "[{\"changed\": {\"fields\": [\"Staff status\"]}}]"}}, {"model": "admin.logentry", "pk": 10, "fields": {"action_time": "2021-05-08T16:49:36.016Z", "user": 9, "content_type": 8, "object_id": "4", "object_repr": "Chintuji1 profile", "action_flag": 2, "change_message": "[]"}}, {"model": "admin.logentry", "pk": 11, "fields": {"action_time": "2021-05-08T17:25:12.203Z", "user": 9, "content_type": 8, "object_id": "7", "object_repr": "ganpatsingh profile", "action_flag": 1, "change_message": "[{\"added\": {}}]"}}, {"model": "admin.logentry", "pk": 12, "fields": {"action_time": "2021-05-08T17:25:16.384Z", "user": 9, "content_type": 8, "object_id": "7", "object_repr": "ganpatsingh profile", "action_flag": 2, "change_message": "[]"}}, {"model": "admin.logentry", "pk": 13, "fields": {"action_time": "2021-05-08T17:26:05.312Z", "user": 9, "content_type": 8, "object_id": "8", "object_repr": "testuser profile", "action_flag": 1, "change_message": "[{\"added\": {}}]"}}, {"model": "admin.logentry", "pk": 14, "fields": {"action_time": "2021-05-08T17:29:50.264Z", "user": 9, "content_type": 4, "object_id": "1", "object_repr": "ganpatsingh", "action_flag": 2, "change_message": "[{\"changed\": {\"fields\": [\"password\"]}}]"}}, {"model": "auth.permission", "pk": 1, "fields": {"name": "Can add log entry", "content_type": 1, "codename": "add_logentry"}}, {"model": "auth.permission", "pk": 2, "fields": {"name": "Can change log entry", "content_type": 1, "codename": "change_logentry"}}, {"model": "auth.permission", "pk": 3, "fields": {"name": "Can delete log entry", "content_type": 1, "codename": "delete_logentry"}}, {"model": "auth.permission", "pk": 4, "fields": {"name": "Can view log entry", "content_type": 1, "codename": "view_logentry"}}, {"model": "auth.permission", "pk": 5, "fields": {"name": "Can add permission", "content_type": 2, "codename": "add_permission"}}, {"model": "auth.permission", "pk": 6, "fields": {"name": "Can change permission", "content_type": 2, "codename": "change_permission"}}, {"model": "auth.permission", "pk": 7, "fields": {"name": "Can delete permission", "content_type": 2, "codename": "delete_permission"}}, {"model": "auth.permission", "pk": 8, "fields": {"name": "Can view permission", "content_type": 2, "codename": "view_permission"}}, {"model": "auth.permission", "pk": 9, "fields": {"name": "Can add group", "content_type": 3, "codename": "add_group"}}, {"model": "auth.permission", "pk": 10, "fields": {"name": "Can change group", "content_type": 3, "codename": "change_group"}}, {"model": "auth.permission", "pk": 11, "fields": {"name": "Can delete group", "content_type": 3, "codename": "delete_group"}}, {"model": "auth.permission", "pk": 12, "fields": {"name": "Can view group", "content_type": 3, "codename": "view_group"}}, {"model": "auth.permission", "pk": 13, "fields": {"name": "Can add user", "content_type": 4, "codename": "add_user"}}, {"model": "auth.permission", "pk": 14, "fields": {"name": "Can change user", "content_type": 4, "codename": "change_user"}}, {"model": "auth.permission", "pk": 15, "fields": {"name": "Can delete user", "content_type": 4, "codename": "delete_user"}}, {"model": "auth.permission", "pk": 16, "fields": {"name": "Can view user", "content_type": 4, "codename": "view_user"}}, {"model": "auth.permission", "pk": 17, "fields": {"name": "Can add content type", "content_type": 5, "codename": "add_contenttype"}}, {"model": "auth.permission", "pk": 18, "fields": {"name": "Can change content type", "content_type": 5, "codename": "change_contenttype"}}, {"model": "auth.permission", "pk": 19, "fields": {"name": "Can delete content type", "content_type": 5, "codename": "delete_contenttype"}}, {"model": "auth.permission", "pk": 20, "fields": {"name": "Can view content type", "content_type": 5, "codename": "view_contenttype"}}, {"model": "auth.permission", "pk": 21, "fields": {"name": "Can add session", "content_type": 6, "codename": "add_session"}}, {"model": "auth.permission", "pk": 22, "fields": {"name": "Can change session", "content_type": 6, "codename": "change_session"}}, {"model": "auth.permission", "pk": 23, "fields": {"name": "Can delete session", "content_type": 6, "codename": "delete_session"}}, {"model": "auth.permission", "pk": 24, "fields": {"name": "Can view session", "content_type": 6, "codename": "view_session"}}, {"model": "auth.permission", "pk": 25, "fields": {"name": "Can add post", "content_type": 7, "codename": "add_post"}}, {"model": "auth.permission", "pk": 26, "fields": {"name": "Can change post", "content_type": 7, "codename": "change_post"}}, {"model": "auth.permission", "pk": 27, "fields": {"name": "Can delete post", "content_type": 7, "codename": "delete_post"}}, {"model": "auth.permission", "pk": 28, "fields": {"name": "Can view post", "content_type": 7, "codename": "view_post"}}, {"model": "auth.permission", "pk": 29, "fields": {"name": "Can add profile", "content_type": 8, "codename": "add_profile"}}, {"model": "auth.permission", "pk": 30, "fields": {"name": "Can change profile", "content_type": 8, "codename": "change_profile"}}, {"model": "auth.permission", "pk": 31, "fields": {"name": "Can delete profile", "content_type": 8, "codename": "delete_profile"}}, {"model": "auth.permission", "pk": 32, "fields": {"name": "Can view profile", "content_type": 8, "codename": "view_profile"}}, {"model": "auth.user", "pk": 1, "fields": {"password": "pbkdf2_sha256$216000$HkKucquALPda$PkcRItlnYFXavHnWF7GTbyZK7HXTg//f80M7yxw6lnU=", "last_login": "2021-04-26T13:01:23.999Z", "is_superuser": true, "username": "ganpatsingh", "first_name": "", "last_name": "", "email": "gehlot7112@gmail.com", "is_staff": true, "is_active": true, "date_joined": "2021-04-01T11:33:53.062Z", "groups": [], "user_permissions": []}}, {"model": "auth.user", "pk": 2, "fields": {"password": "pbkdf2_sha256$216000$Vski1bx8h3ze$mmUbNVbNL6+GVDXafmKQX7jXMa3gmuZ5a1Fe+qlTV9E=", "last_login": null, "is_superuser": false, "username": "testuser", "first_name": "", "last_name": "", "email": "xyz@gjhdhfdfdaskjkjdfhsa.com", "is_staff": false, "is_active": true, "date_joined": "2021-04-01T11:40:29Z", "groups": [], "user_permissions": []}}, {"model": "auth.user", "pk": 3, "fields": {"password": "pbkdf2_sha256$216000$R6O7L3tyODFw$VU3q42G4mIExKiQJ9iEKy6y0O8pD1s+JtoiAQy14H3Y=", "last_login": null, "is_superuser": false, "username": "hjkjhk", "first_name": "", "last_name": "", "email": "kjkjh@gmil.com", "is_staff": false, "is_active": true, "date_joined": "2021-04-14T15:04:17.243Z", "groups": [], "user_permissions": []}}, {"model": "auth.user", "pk": 4, "fields": {"password": "pbkdf2_sha256$216000$PA6EZ62jnWEm$BueWAH/FA++dp7I2VDMluwEDlYAgWIiuLyZNdxPbxGc=", "last_login": "2021-05-08T16:38:21.997Z", "is_superuser": true, "username": "gsgehlot", "first_name": "", "last_name": "", "email": "xyz@gmail.com", "is_staff": true, "is_active": true, "date_joined": "2021-05-04T12:09:52.935Z", "groups": [], "user_permissions": []}}, {"model": "auth.user", "pk": 5, "fields": {"password": "pbkdf2_sha256$216000$ZJDxyXM3EFNH$9tTT/Ak6icg/32BQ143LGRJmlw2zCEffYPJaykmmN7c=", "last_login": "2021-05-07T09:03:42.820Z", "is_superuser": false, "username": "fungshung", "first_name": "", "last_name": "", "email": "fungshung@gmail.com", "is_staff": false, "is_active": true, "date_joined": "2021-05-04T12:14:29.368Z", "groups": [], "user_permissions": []}}, {"model": "auth.user", "pk": 6, "fields": {"password": "pbkdf2_sha256$216000$6ReiKAfHH11v$BoZF4DfMf1yzRQUpAWveZfYtEkBTNe1zCcExTw7B2PU=", "last_login": "2021-05-17T11:52:48.701Z", "is_superuser": false, "username": "gappu", "first_name": "", "last_name": "", "email": "fdklah@hjcxvbbc.com", "is_staff": false, "is_active": true, "date_joined": "2021-05-04T13:04:58.543Z", "groups": [], "user_permissions": []}}, {"model": "auth.user", "pk": 7, "fields": {"password": "pbkdf2_sha256$216000$OuyEDNJXnBjs$1XFElQtpRfnORHXIqzX7foqU5bpUDt4P+P0twny1jMY=", "last_login": "2021-05-08T16:47:32Z", "is_superuser": true, "username": "Chintuji1", "first_name": "", "last_name": "", "email": "chintuji@gmail.com", "is_staff": true, "is_active": false, "date_joined": "2021-05-07T10:17:55Z", "groups": [], "user_permissions": []}}, {"model": "auth.user", "pk": 8, "fields": {"password": "pbkdf2_sha256$216000$pxUJXRk4yAeL$9v0dL2KbyuSfNnGfsJ9pBECcUeEWE+r6UkEchJ8xnK4=", "last_login": "2021-05-08T16:39:40.686Z", "is_superuser": false, "username": "test123", "first_name": "", "last_name": "", "email": "jfklhkjshkj@gmial.com", "is_staff": false, "is_active": true, "date_joined": "2021-05-08T16:39:30.848Z", "groups": [], "user_permissions": []}}, {"model": "auth.user", "pk": 9, "fields": {"password": "pbkdf2_sha256$216000$GGA6KKYqRcQS$OQNxRf9lqePoNudbYKx4VJhwDUrmFvbxrMqjpBpvZIw=", "last_login": "2021-09-13T04:44:14.380Z", "is_superuser": true, "username": "test1234", "first_name": "", "last_name": "", "email": "123@gmail.com", "is_staff": true, "is_active": true, "date_joined": "2021-05-08T16:41:48.522Z", "groups": [], "user_permissions": []}}, {"model": "auth.user", "pk": 10, "fields": {"password": "pbkdf2_sha256$216000$ix245kjjaswP$c0HFZSNLJ2mxxadbRyDgLVYGB/Dx/6NRcO0xX5h8PQo=", "last_login": "2021-05-17T11:44:53.952Z", "is_superuser": false, "username": "Chintuji2", "first_name": "", "last_name": "", "email": "chintuji2@gmail.com", "is_staff": false, "is_active": true, "date_joined": "2021-05-08T17:01:07.905Z", "groups": [], "user_permissions": []}}, {"model": "auth.user", "pk": 11, "fields": {"password": "pbkdf2_sha256$216000$9FBtnMTw3jNZ$s/D32+6kcOflX+26FO944XOAK0yqFWzLI7YYjnry50I=", "last_login": "2021-09-25T08:25:13.410Z", "is_superuser": true, "username": "realganpatsingh", "first_name": "", "last_name": "", "email": "realgs@gmail.com", "is_staff": true, "is_active": true, "date_joined": "2021-09-15T14:08:31.849Z", "groups": [], "user_permissions": []}}, {"model": "contenttypes.contenttype", "pk": 1, "fields": {"app_label": "admin", "model": "logentry"}}, {"model": "contenttypes.contenttype", "pk": 2, "fields": {"app_label": "auth", "model": "permission"}}, {"model": "contenttypes.contenttype", "pk": 3, "fields": {"app_label": "auth", "model": "group"}}, {"model": "contenttypes.contenttype", "pk": 4, "fields": {"app_label": "auth", "model": "user"}}, {"model": "contenttypes.contenttype", "pk": 5, "fields": {"app_label": "contenttypes", "model": "contenttype"}}, {"model": "contenttypes.contenttype", "pk": 6, "fields": {"app_label": "sessions", "model": "session"}}, {"model": "contenttypes.contenttype", "pk": 7, "fields": {"app_label": "blog", "model": "post"}}, {"model": "contenttypes.contenttype", "pk": 8, "fields": {"app_label": "users", "model": "profile"}}, {"model": "sessions.session", "pk": "13ox8non755l9o7hd67bchpf3k3o0jif", "fields": {"session_data": "e30:1lfPw1:FNj6PDpKeTwf2L3r-SJBf2iANAlntMF5v1_1TWtb-BE", "expire_date": "2021-05-22T16:36:09.947Z"}}, {"model": "sessions.session", "pk": "1movlhzy7j3bkuukqemhpnqkahsrn9bi", "fields": {"session_data": ".eJxVjMsOwiAQRf-FtSGFMjxcuvcbyJQZpGogKe3K-O_apAvd3nPOfYmI21ri1nmJM4mzUOL0u02YHlx3QHestyZTq-syT3JX5EG7vDbi5-Vw_w4K9vKtHQUi9mA8OcJxQpWHbGjMIWTQKbEFBRjIatQegDRicoF5QLIGkxLvDwvtOPo:1lWg8m:tyu_S6d0Csl1Kkl3dlTil7mtFHtZ4YAJ53vF19EsReE", "expire_date": "2021-04-28T14:05:12.805Z"}}, {"model": "sessions.session", "pk": "2w8avl8p3wek5d9hoif923f4csw5xtlf", "fields": {"session_data": ".eJxVjMsOwiAQRf-FtSGFMjxcuvcbyJQZpGogKe3K-O_apAvd3nPOfYmI21ri1nmJM4mzUOL0u02YHlx3QHestyZTq-syT3JX5EG7vDbi5-Vw_w4K9vKtHQUi9mA8OcJxQpWHbGjMIWTQKbEFBRjIatQegDRicoF5QLIGkxLvDwvtOPo:1lSLtE:vLn1BAE2XLS80QvoqXfk6HyCEHaNOb-heArmnYIoRb4", "expire_date": "2021-04-16T15:39:16.366Z"}}, {"model": "sessions.session", "pk": "2zh1bjrl9xv309bencgns9i64t8m83d4", "fields": {"session_data": "e30:1lfQRw:AvLBRYm5z7fkrHUD0QvItTkwhD4m3o1m3K30bVkeroc", "expire_date": "2021-05-22T17:09:08.514Z"}}, {"model": "sessions.session", "pk": "5xj4tx0twjz8cfgaa6o81d7z99slh5zn", "fields": {"session_data": "e30:1lfQNZ:W74vGa8U57pe8O9x6GD5ElhBth8DrHn3w0ikVGijcds", "expire_date": "2021-05-22T17:04:37.449Z"}}, {"model": "sessions.session", "pk": "78co5bv86jdwvwqg3kj4yywjlmxkypm3", "fields": {"session_data": ".eJxVjEEOwiAQRe_C2pBBBkpduu8ZyACDVA0kpV0Z765NutDtf-_9l_C0rcVvnRc_J3ERKE6_W6D44LqDdKd6azK2ui5zkLsiD9rl1BI_r4f7d1Col29twWVWCJQjRxphwAERrVFsz9pAchAcJELOzo0mWzJBMylKClXQIYv3B9sNN_c:1lehor:_ltMZEtEcO6i5A0fnbsqyRxv9PrAy150ptAzuKo4Nmo", "expire_date": "2021-05-20T17:29:49.795Z"}}, {"model": "sessions.session", "pk": "8p0e8l442s0hfce3grgaz26104u2aysa", "fields": {"session_data": "e30:1lfQOx:4krI1G4-2B5_kV8FYgPZ1obu-bczAuUx_SYmT7Smx74", "expire_date": "2021-05-22T17:06:03.815Z"}}, {"model": "sessions.session", "pk": "acgia46mzwg0fxuw4291wxgf3ve2opk2", "fields": {"session_data": ".eJxVjEEOgjAQRe_StWlKmRbHpXvO0Ew7M4IaSCisjHdXEha6_e-9_zKJtnVIW5UljWwuBs3pd8tUHjLtgO803WZb5mldxmx3xR602n5meV4P9-9goDp8a6cRs2OnqIigxed4FsnghVSgaTvOARotDBgajIFaR9ypFvA-hIjm_QED7zhM:1lfQXc:Qt8WeVRUPxXPuOkVAyWUrKUVMrQ4EPFkOEi59qAKdVg", "expire_date": "2021-05-22T17:15:00.762Z"}}, {"model": "sessions.session", "pk": "b95osh0n7mumbko4b9lgsu04ii4ts854", "fields": {"session_data": ".eJxVjEEOgjAQRe_StWlKmRbHpXvO0Ew7M4IaSCisjHdXEha6_e-9_zKJtnVIW5UljWwuBs3pd8tUHjLtgO803WZb5mldxmx3xR602n5meV4P9-9goDp8a6cRs2OnqIigxed4FsnghVSgaTvOARotDBgajIFaR9ypFvA-hIjm_QED7zhM:1lifZm:uzb-sZuERZ8uXcleBSYGmC-mO-Yj0BOalGXRxWa-S1I", "expire_date": "2021-05-31T15:54:38.398Z"}}, {"model": "sessions.session", "pk": "ckooei7rkm7r18cncrm8j1fy1b5ct15p", "fields": {"session_data": ".eJxVjEEOgjAQRe_StWlKmRbHpXvO0Ew7M4IaSCisjHdXEha6_e-9_zKJtnVIW5UljWwuBs3pd8tUHjLtgO803WZb5mldxmx3xR602n5meV4P9-9goDp8a6cRs2OnqIigxed4FsnghVSgaTvOARotDBgajIFaR9ypFvA-hIjm_QED7zhM:1mPdpG:KYdjRp_dKALfYpj3gHK2IRZGDwQkfrinIpRDVVt9nsM", "expire_date": "2021-09-27T04:44:14.388Z"}}, {"model": "sessions.session", "pk": "cs005cg84jsw3l46sm0z5iq5mlld0e4x", "fields": {"session_data": ".eJxVjEEOgjAQRe_StWlKmRbHpXvO0Ew7M4IaSCisjHdXEha6_e-9_zKJtnVIW5UljWwuBs3pd8tUHjLtgO803WZb5mldxmx3xR602n5meV4P9-9goDp8a6cRs2OnqIigxed4FsnghVSgaTvOARotDBgajIFaR9ypFvA-hIjm_QED7zhM:1lfQ1z:-4AbKkOKzMDIeJmSI8DE4sRiIVT1rUIIBYCm4NMRTaw", "expire_date": "2021-05-22T16:42:19.237Z"}}, {"model": "sessions.session", "pk": "d3m2rg86mgbjjk1405zfvp5i6rh44mwm", "fields": {"session_data": "e30:1lfQMt:IHrDja_CU74UeSwh4RS39o3n_VLd6-d1IOnzzVH8N_k", "expire_date": "2021-05-22T17:03:55.242Z"}}, {"model": "sessions.session", "pk": "ehezvaq1dcxxtnj6d5mr76z4c7rzc2ap", "fields": {"session_data": "e30:1lfPy9:1Uz8rR_3nvOsuGXz9hafcbN5QjtUIlx-sKc3IMGQoGg", "expire_date": "2021-05-22T16:38:21.994Z"}}, {"model": "sessions.session", "pk": "h9909c71fzdopcdjv6q2yo8r4m1e6oa7", "fields": {"session_data": ".eJxVjMsOwiAQRf-FtSGFMjxcuvcbyJQZpGogKe3K-O_apAvd3nPOfYmI21ri1nmJM4mzUOL0u02YHlx3QHestyZTq-syT3JX5EG7vDbi5-Vw_w4K9vKtHQUi9mA8OcJxQpWHbGjMIWTQKbEFBRjIatQegDRicoF5QLIGkxLvDwvtOPo:1lb0rc:YkyliozAyRbPvgAGG8DkBycI0JU3CYHoafLdyAOUSqU", "expire_date": "2021-05-10T13:01:24.000Z"}}, {"model": "sessions.session", "pk": "nlvjy3q7a4rxy1r1abuih78oiet1djvm", "fields": {"session_data": ".eJxVjEEOwiAQRe_C2pBBBkpduu8ZyACDVA0kpV0Z765NutDtf-_9l_C0rcVvnRc_J3ERKE6_W6D44LqDdKd6azK2ui5zkLsiD9rl1BI_r4f7d1Col29twWVWCJQjRxphwAERrVFsz9pAchAcJELOzo0mWzJBMylKClXQIYv3B9sNN_c:1lei2U:QIFFi1BQq_scWPtb3Z4gQmhOr7gmH8GE6KdMCTRiTPo", "expire_date": "2021-05-20T17:43:54.806Z"}}, {"model": "sessions.session", "pk": "optljna4njt5a455fs7qm22jz6p7mb4f", "fields": {"session_data": "e30:1lfQLa:4CESm2RgZdvj7BNb6qGXl3LEbJ_URYrd0NRyZNf6MGE", "expire_date": "2021-05-22T17:02:34.277Z"}}, {"model": "sessions.session", "pk": "qcqu7x49q9xs48287zzjq7bjjiptm4pf", "fields": {"session_data": "e30:1libg5:SQAnwsxvFbeVa_q5k8OUeY3ZK4IzDUveFz-s5YMnViM", "expire_date": "2021-05-31T11:44:53.951Z"}}, {"model": "sessions.session", "pk": "tn1m361g3czntcontxong4mpfglqmuqv", "fields": {"session_data": ".eJxVjMsOwiAQRf-FtSGFMjxcuvcbyJQZpGogKe3K-O_apAvd3nPOfYmI21ri1nmJM4mzUOL0u02YHlx3QHestyZTq-syT3JX5EG7vDbi5-Vw_w4K9vKtHQUi9mA8OcJxQpWHbGjMIWTQKbEFBRjIatQegDRicoF5QLIGkxLvDwvtOPo:1lVZon:X_ATVgoFOoGxPz3HAq7KGDEcfEI7R-_e_HclJS6mfaY", "expire_date": "2021-04-25T13:08:01.781Z"}}, {"model": "sessions.session", "pk": "wp2c8skjmq94ozaolgx5xm73i4qhhbe1", "fields": {"session_data": ".eJxVjMsOwiAQRf-FtSGFMjxcuvcbyJQZpGogKe3K-O_apAvd3nPOfYmI21ri1nmJM4mzUOL0u02YHlx3QHestyZTq-syT3JX5EG7vDbi5-Vw_w4K9vKtHQUi9mA8OcJxQpWHbGjMIWTQKbEFBRjIatQegDRicoF5QLIGkxLvDwvtOPo:1lVZlw:4YKHSbINWEExnjmilDbSGrE8CoIdzqQOXlPfEIoWizI", "expire_date": "2021-04-25T13:05:04.166Z"}}]